idx,time
0,0.123002
1,0.00200582
2,0.00252597
3,0.00191642
4,0.00196148
5,0.00184612
6,0.00196287
7,0.00252528
8,0.00244083
9,0.00193367
10,0.00192764
11,0.00186182
12,0.00186007
13,0.00185617
14,0.00195207
15,0.00185503
16,0.00205588
17,0.00197416
18,0.00278772
19,0.00190325
20,0.0019056
21,0.00189353
22,0.00228353
23,0.00183118
24,0.0036944
25,0.00199889
26,0.00179455
27,0.00199055
28,0.00190792
29,0.00189103
30,0.00177168
31,0.0018357
32,0.00187844
33,0.00165844
34,0.00181214
35,0.00166592
36,0.00181067
37,0.00181126
38,0.00182161
39,0.00178997
40,0.00188761
41,0.00176743
42,0.00177525
43,0.00180037
44,0.00262377
45,0.00249128
46,0.00249669
47,0.00234136
48,0.00185215
49,0.00184244
50,0.00184299
51,0.00186569
52,0.00183847
53,0.00175892
54,0.00178692
55,0.00180828
56,0.00171137
57,0.00175358
58,0.0018443
59,0.00172555
60,0.00172376
61,0.00157899
62,0.00171771
63,0.00158904
64,0.00230902
65,0.00177369
66,0.00169379
67,0.00244109
68,0.00180453
69,0.00221196
70,0.00180435
71,0.00177856
72,0.00294779
73,0.0017854
74,0.00178859
75,0.0022196
76,0.00170407
77,0.00264682
78,0.00185063
79,0.00196729
80,0.00174197
81,0.00181093
82,0.0020733
83,0.00187941
84,0.00218512
85,0.00198408
86,0.00193837
87,0.00297428
88,0.00260329
89,0.00368645
90,0.0034077
91,0.00342691
92,0.00353545
93,0.00323851
94,0.00198538
95,0.00194816
96,0.00194807
97,0.00175385
98,0.00187973
99,0.00176424
100,0.00196714
101,0.00182952
102,0.00205724
103,0.0019422
104,0.003068
105,0.00241704
106,0.00194378
107,0.00243246
108,0.00238146
109,0.0018404
110,0.00251678
111,0.00190154
112,0.00209721
113,0.00200258
114,0.0031525
115,0.00199959
116,0.00204353
117,0.00325724
118,0.00298793
119,0.00185177
120,0.0017843
121,0.00184063
122,0.0017631
123,0.00203449
124,0.00176054
125,0.00175027
126,0.0019791
127,0.00176746
128,0.00178098
129,0.00182347
130,0.00190816
131,0.00176623
132,0.00186532
133,0.00182324
134,0.00246507
135,0.00190635
136,0.00233418
137,0.0017733
138,0.00187736
139,0.00175896
140,0.00272274
141,0.00265396
142,0.00218514
143,0.00287445
144,0.00177348
145,0.00345905
146,0.00366363
147,0.00184836
148,0.002862
149,0.0018826
150,0.00175795
151,0.00202879
152,0.00192943
153,0.00183428
154,0.00182557
155,0.00188026
156,0.00184551
157,0.00180415
158,0.0018813
159,0.0018505
160,0.00271863
161,0.0025501
162,0.00301807
163,0.00195588
164,0.00255361
165,0.00268604
166,0.00362351
167,0.00240368
168,0.00289588
169,0.00355821
170,0.00200443
171,0.00182451
172,0.00192015
173,0.00203927
174,0.0022544
175,0.00199231
176,0.00230345
177,0.00192206
178,0.00187182
179,0.0027512
180,0.00238604
181,0.00179438
182,0.00263995
183,0.00179881
184,0.00241938
185,0.00176776
186,0.0026787
187,0.00182614
188,0.00255544
189,0.00187519
190,0.00187398
191,0.00252186
192,0.00216575
193,0.00183881
194,0.00227534
195,0.00274983
196,0.00202405
197,0.0019946
198,0.00290566
199,0.00204473
200,0.00189833
201,0.00198662
202,0.00210696
203,0.00260345
204,0.00183845
205,0.00217491
206,0.00176077
207,0.00179272
208,0.00187235
209,0.00177353
210,0.0018076
211,0.00182863
212,0.00172998
213,0.00163395
214,0.00183894
215,0.00175952
216,0.00177505
217,0.00259883
218,0.00172201
219,0.00181972
220,0.00174539
221,0.00173716
222,0.0017264
223,0.00161683
224,0.00174437
225,0.00176059
226,0.00229394
227,0.00261756
228,0.00174366
229,0.00237549
230,0.00183217
231,0.00187291
232,0.00224498
233,0.0024463
234,0.00186784
235,0.00370312
236,0.00285166
237,0.00349155
238,0.0018933
239,0.00186563
240,0.00202905
241,0.00208369
242,0.00197166
243,0.00196444
244,0.0018411
245,0.00186724
246,0.00198124
247,0.00215399
248,0.00177587
249,0.00185063
250,0.00192102
251,0.00357473
252,0.00275858
253,0.00290861
254,0.00293428
255,0.0030118
256,0.00394689
257,0.00262684
258,0.00478215
259,0.00205798
260,0.00222503
261,0.00208845
262,0.00236689
263,0.00213526
264,0.00219476
265,0.00223661
266,0.00210459
267,0.00197674
268,0.0021275
269,0.00197358
270,0.00295046
271,0.00235047
272,0.00196928
273,0.00187763
274,0.00272225
275,0.00392454
276,0.00305251
277,0.00338742
278,0.00256734
279,0.00301982
280,0.00315324
281,0.0027419
282,0.00225456
283,0.00217032
284,0.00219207
285,0.00221178
286,0.00227246
287,0.00245026
288,0.00246273
289,0.00224137
290,0.00234903
291,0.00234489
292,0.00311685
293,0.002882
294,0.00305761
295,0.00290179
296,0.00238348
297,0.00293967
298,0.00342129
299,0.0037561
300,0.00298785
301,0.00335085
302,0.00262951
303,0.00249233
304,0.0024349
305,0.00253767
306,0.00264566
307,0.0024009
308,0.00245749
309,0.00244786
310,0.00249808
311,0.00255968
312,0.00255629
313,0.00229845
314,0.00233509
315,0.00433839
316,0.00406733
317,0.00393256
318,0.00410984
319,0.00372266
320,0.00417787
321,0.00382054
322,0.00361184
323,0.00461584
324,0.00426418
325,0.0047391
326,0.0041169
327,0.00444532
328,0.00414377
329,0.00411393
330,0.00439954
331,0.00445799
332,0.00360327
333,0.00345163
334,0.00465168
335,0.00487353
336,0.00511748
337,0.00445755
338,0.00422316
339,0.00454203
340,0.00473495
341,0.004033
342,0.00488054
343,0.00349417
344,0.0038682
345,0.0246512
346,0.00370451
347,0.00402653
348,0.00471574
349,0.00366818
350,0.00407381
351,0.00365589
352,0.00371822
353,0.00379663
354,0.00483911
355,0.0037203
356,0.004222
357,0.00440176
358,0.00370182
359,0.00364232
360,0.00312956
361,0.00338004
362,0.00463052
363,0.0037888
364,0.00390645
365,0.00377591
366,0.00375104
367,0.00399388
368,0.00375095
369,0.00329545
370,0.00366855
371,0.00370324
372,0.00367975
373,0.00403137
374,0.00329856
375,0.00372659
376,0.00332581
377,0.0038118
378,0.00430638
379,0.00434291
380,0.00394117
381,0.00425781
382,0.00421898
383,0.00398803
384,0.00365116
385,0.00402711
386,0.00396275
387,0.0040687
388,0.00417357
389,0.00532657
390,0.0040502
391,0.00395813
392,0.00384532
393,0.00441243
394,0.00438963
395,0.00387881
396,0.00427049
397,0.00375274
398,0.00388406
399,0.00324433
400,0.00334201
401,0.00339763
402,0.00337427
403,0.0034333
404,0.00315561
405,0.0029791
406,0.00413541
407,0.00329426
408,0.00284714
409,0.00350187
410,0.00395668
411,0.00335275
412,0.00328449
413,0.00451097
414,0.00343869
415,0.00373075
416,0.00435667
417,0.0034946
418,0.00427101
419,0.00472184
420,0.00444271
421,0.00447866
422,0.00463969
423,0.00441432
424,0.00439189
425,0.00417902
426,0.00320102
427,0.00410848
428,0.00400921
429,0.00400239
430,0.00365662
431,0.00404628
432,0.00523892
433,0.0045805
434,0.0050047
435,0.00452333
436,0.00578357
437,0.00382571
438,0.00376224
439,0.00394758
440,0.00439059
441,0.00396168
442,0.00405137
443,0.00387582
444,0.00454979
445,0.00426281
446,0.00486284
447,0.00517469
448,0.00468776
449,0.00459124
450,0.00505627
451,0.00560263
452,0.00569187
453,0.00487256
454,0.00552843
455,0.00529776
456,0.00537339
457,0.00464703
458,0.00454492
459,0.00492618
460,0.00479652
461,0.00444975
462,0.00433103
463,0.00536156
464,0.00509171
465,0.00479582
466,0.00490312
467,0.0051453
468,0.00437156
469,0.00540028
470,0.00669969
471,0.00513213
472,0.00560092
473,0.00564487
474,0.0051181
475,0.00499567
476,0.00462047
477,0.0044714
478,0.00496514
479,0.00456421
480,0.0046738
481,0.00526094
482,0.00410772
483,0.00482122
484,0.00507638
485,0.00507511
486,0.00444917
487,0.00474963
488,0.00849797
489,0.00643345
490,0.00597445
491,0.00548286
492,0.00517237
493,0.0041927
494,0.00439133
495,0.00461696
496,0.00446975
497,0.00496841
498,0.00469922
499,0.00474572
500,0.00451065
501,0.00436758
502,0.0052551
503,0.00458323
504,0.00407986
505,0.00661662
506,0.0051253
507,0.0053192
508,0.00461185
509,0.00397398
510,0.00424221
511,0.0235483
512,0.00388623
513,0.00425782
514,0.00446875
515,0.00465942
516,0.00376701
517,0.00403624
518,0.00400997
519,0.00455634
520,0.0042835
521,0.00421769
522,0.00440289
523,0.00386791
524,0.00414811
525,0.00426438
526,0.00443611
527,0.00445824
528,0.0048531
529,0.00518596
530,0.0052335
531,0.00451603
532,0.00420053
533,0.00434993
534,0.00466398
535,0.00407352
536,0.00407539
537,0.00397583
538,0.00470246
539,0.00368411
540,0.00381084
541,0.00422102
542,0.00407264
543,0.00553808
544,0.00561549
545,0.0051572
546,0.00471208
547,0.00444209
548,0.00468239
549,0.00468557
550,0.00431551
551,0.00460937
552,0.00353196
553,0.00358145
554,0.00385601
555,0.0042328
556,0.00403907
557,0.00352356
558,0.00354513
559,0.00440519
560,0.00420626
561,0.00422562
562,0.00367228
563,0.00372599
564,0.00384565
565,0.00333366
566,0.00341108
567,0.00332961
568,0.00328911
569,0.00365419
570,0.00640342
571,0.00564991
572,0.00597199
573,0.00473665
574,0.00363559
575,0.00354412
576,0.00385708
577,0.00368683
578,0.00395759
579,0.003788
580,0.00405304
581,0.00395727
582,0.00440525
583,0.00413329
584,0.00449388
585,0.00503539
586,0.00430671
587,0.00360064
588,0.00457684
589,0.00428144
590,0.00589223
591,0.00382105
592,0.00399602
593,0.00432666
594,0.00451534
595,0.00384684
596,0.0041718
597,0.00412094
598,0.0046738
599,0.00444379
600,0.00381642
601,0.00407168
602,0.00433286
603,0.00371989
604,0.00396954
605,0.00387529
606,0.00426583
607,0.00310661
608,0.00342877
609,0.00346884
610,0.00337282
611,0.0035285
612,0.00530674
613,0.00529031
614,0.0052463
615,0.00540012
616,0.00508045
617,0.00490798
618,0.0051375
619,0.0043355
620,0.00400192
621,0.00432796
622,0.00340816
623,0.00369653
624,0.00391631
625,0.00378819
626,0.00368495
627,0.00314989
628,0.00325452
629,0.00374723
630,0.00384766
631,0.0039014
632,0.0029805
633,0.00300127
634,0.00345107
635,0.00304628
636,0.00397294
637,0.00312897
638,0.00297698
639,0.00357171
640,0.00325592
641,0.00352344
642,0.0037494
643,0.00341474
644,0.00349488
645,0.00323238
646,0.00326603
647,0.00359083
648,0.00346209
649,0.00323704
650,0.00291235
651,0.00277842
652,0.00385774
653,0.00326419
654,0.00267828
655,0.00262739
656,0.00274803
657,0.00360719
658,0.00304022
659,0.00272026
660,0.0031409
661,0.00240184
662,0.00260281
663,0.00273155
664,0.00254006
665,0.0025184
666,0.00256797
667,0.00217962
668,0.00244368
669,0.00253525
670,0.00238927
671,0.00233478
672,0.00253717
673,0.00267996
674,0.00235128
675,0.00315834
676,0.00265902
677,0.00262884
678,0.00307104
679,0.00235851
680,0.00238092
681,0.00250845
682,0.00269884
683,0.00234971
684,0.00270813
685,0.00262049
686,0.00230818
687,0.0023082
688,0.00269089
689,0.00235736
690,0.00260751
691,0.00231673
692,0.00232
693,0.0025222
694,0.00225675
695,0.00254175
696,0.00233427
697,0.00235005
698,0.00234884
699,0.00308446
700,0.00257611
701,0.00241655
702,0.00255551
703,0.00252645
704,0.00224935
705,0.00225593
706,0.00225098
707,0.00223105
708,0.00255931
709,0.00245472
710,0.00245703
711,0.00223715
712,0.00252632
713,0.00245588
714,0.00221833
715,0.00346155
716,0.00278202
717,0.00362652
718,0.00529511
719,0.00542448
720,0.00525953
721,0.00527526
722,0.00483831
723,0.005018
724,0.00421481
725,0.0037415
726,0.00315217
727,0.00326651
728,0.00277518
729,0.00348137
730,0.00363266
731,0.00294265
732,0.00392661
733,0.00316483
734,0.00321631
735,0.00305103
736,0.00300302
737,0.00356071
738,0.00287658
739,0.0037557
740,0.00324602
741,0.00349124
742,0.00327182
743,0.00391659
744,0.00382088
745,0.00355163
746,0.00338222
747,0.00300466
748,0.0037893
749,0.00309597
750,0.00282175
751,0.00299291
752,0.00300721
753,0.00290666
754,0.00295523
755,0.00282836
756,0.00291944
757,0.00288465
758,0.00318507
759,0.00281725
760,0.00364895
761,0.00461287
762,0.0044053
763,0.00439215
764,0.00415916
765,0.00404803
766,0.00377284
767,0.00341589
768,0.00324286
769,0.00326701
770,0.00284891
771,0.00299404
772,0.00362789
773,0.00269283
774,0.00276329
775,0.00334248
776,0.00293321
777,0.00324222
778,0.00362251
779,0.00307594
780,0.00309239
781,0.00344712
782,0.00280854
783,0.00362266
784,0.00266502
785,0.00364635
786,0.00283756
787,0.00344058
788,0.00287573
789,0.00287378
790,0.00281136
791,0.00343403
792,0.00323238
793,0.00272226
794,0.00274166
795,0.00277951
796,0.00240829
797,0.00273877
798,0.00281386
799,0.00273193
800,0.00233109
801,0.00279343
802,0.00272386
803,0.00282351
804,0.00276178
805,0.00225404
806,0.00225824
807,0.00222963
808,0.00272237
809,0.00276687
810,0.00274677
811,0.00257781
812,0.00265406
813,0.00231962
814,0.00281648
815,0.00236491
816,0.00332071
817,0.00307068
818,0.0028048
819,0.00323075
820,0.00303062
821,0.00279461
822,0.00318187
823,0.00335994
824,0.00321133
825,0.0028929
826,0.00215483
827,0.00249398
828,0.00236309
829,0.0021327
830,0.00246779
831,0.00239179
832,0.00238714
833,0.00217081
834,0.00215796
835,0.00254935
836,0.00231738
837,0.00230669
838,0.0022637
839,0.00225626
840,0.00207988
841,0.00254294
842,0.00224069
843,0.00244301
844,0.0022056
845,0.00218136
846,0.00249025
847,0.00229332
848,0.00231893
849,0.00246072
850,0.00258185
851,0.00223557
852,0.00226566
853,0.00208297
854,0.00206076
855,0.00203537
856,0.00239242
857,0.00217722
858,0.00200258
859,0.00223105
860,0.00224071
861,0.00203193
862,0.00229496
863,0.00299645
864,0.00215806
865,0.00290419
866,0.00234271
867,0.00214131
868,0.00236933
869,0.00217386
870,0.00232792
871,0.00231894
872,0.00222956
873,0.00199928
874,0.00231489
875,0.00243114
876,0.00238905
877,0.00214702
878,0.0022624
879,0.00222735
880,0.00205115
881,0.00221252
882,0.00228317
883,0.00209906
884,0.00229038
885,0.00204201
886,0.00210602
887,0.00226459
888,0.00222936
889,0.0023022
890,0.00175939
891,0.002187
892,0.0019292
893,0.00193488
894,0.00204487
895,0.00200707
896,0.0020731
897,0.00186538
898,0.00192781
899,0.00190965
900,0.00201953
901,0.0019131
902,0.00194475
903,0.00173392
904,0.0017219
905,0.00190709
906,0.00174001
907,0.00173806
908,0.00187207
909,0.00168564
910,0.00169329
911,0.00169351
912,0.00207908
913,0.00205309
914,0.0018218
915,0.00182975
916,0.00210582
917,0.00192805
918,0.00173335
919,0.00172497
920,0.00259244
921,0.00181329
922,0.00181326
923,0.00180063
924,0.0019218
925,0.00171827
926,0.00171167
927,0.00186958
928,0.00254599
929,0.00193522
930,0.00193466
931,0.00171179
932,0.00194685
933,0.00207631
934,0.00182614
935,0.00189849
936,0.00199815
937,0.00205725
938,0.00329655
939,0.00253138
940,0.00207109
941,0.00267493
942,0.00263257
943,0.00226247
944,0.00214525
945,0.00265774
946,0.00277286
947,0.00272158
948,0.00261754
949,0.0026286
950,0.0030315
951,0.00280535
952,0.00280278
953,0.00276269
954,0.00277138
955,0.0026291
956,0.00230469
957,0.00245866
958,0.00235277
959,0.00294551
960,0.00294467
961,0.00288415
962,0.00242985
963,0.00239817
964,0.00289354
965,0.00238111
966,0.00221424
967,0.00299262
968,0.00298687
969,0.00250533
970,0.00330789
971,0.00302661
972,0.00275416
973,0.0034222
974,0.00268202
975,0.00309495
976,0.00363476
977,0.00245189
978,0.00311653
979,0.00305368
980,0.00286187
981,0.00332135
982,0.00346174
983,0.0033184
984,0.00345866
985,0.00327831
986,0.00319358
987,0.00326366
988,0.00335758
989,0.00391246
990,0.0031381
991,0.00329017
992,0.00348405
993,0.00325732
994,0.0028431
995,0.00331846
996,0.00389245
997,0.00365187
998,0.00375508
999,0.00298303
1000,0.00291601
1001,0.00666874
1002,0.0038258
1003,0.00333755
1004,0.0035169
1005,0.00412152
1006,0.003692
1007,0.00364599
1008,0.00385625
1009,0.00377446
1010,0.00362606
1011,0.00369121
1012,0.0041349
1013,0.00383583
1014,0.0041356
1015,0.00378415
1016,0.00405991
1017,0.00393507
1018,0.00382782
1019,0.0045967
1020,0.00360692
1021,0.00394849
1022,0.00362344
1023,0.00429123
1024,0.00480026
1025,0.00396285
1026,0.00367316
1027,0.00314675
1028,0.00361383
1029,0.00433681
1030,0.00308151
1031,0.00313976
1032,0.00297604
1033,0.00298346
1034,0.00290169
1035,0.00280828
1036,0.00294145
1037,0.00293893
1038,0.00320589
1039,0.00345687
1040,0.00339557
1041,0.00361597
1042,0.00373025
1043,0.00362846
1044,0.00425414
1045,0.00354008
1046,0.00388992
1047,0.0034372
1048,0.00322851
1049,0.00358487
1050,0.00327491
1051,0.00297255
1052,0.00292079
1053,0.00382038
1054,0.00335204
1055,0.00362296
1056,0.00363059
1057,0.00383434
1058,0.00363895
1059,0.00352742
1060,0.00297039
1061,0.00307671
1062,0.00283928
1063,0.00337338
1064,0.00336804
1065,0.00273029
1066,0.00287901
1067,0.00265618
1068,0.00298689
1069,0.00313029
1070,0.00291007
1071,0.00358778
1072,0.00275575
1073,0.00279238
1074,0.00315788
1075,0.0033122
1076,0.00392706
1077,0.00350624
1078,0.00364141
1079,0.00352051
1080,0.0034551
1081,0.00361872
1082,0.0031396
1083,0.00417981
1084,0.00376809
1085,0.0038829
1086,0.00450627
1087,0.00353786
1088,0.00395849
1089,0.0036895
1090,0.00376208
1091,0.00338164
1092,0.00367173
1093,0.00334576
1094,0.00341672
1095,0.00342044
1096,0.0036902
1097,0.00344659
1098,0.00366676
1099,0.00348777
1100,0.00343591
1101,0.00393322
1102,0.00363779
1103,0.00334171
1104,0.0035786
1105,0.00285874
1106,0.00358211
1107,0.00369028
1108,0.00341433
1109,0.00320802
1110,0.00327239
1111,0.00364517
1112,0.00403968
1113,0.00416454
1114,0.00374475
1115,0.0032837
1116,0.00341607
1117,0.00330716
1118,0.00333432
1119,0.00372011
1120,0.00460666
1121,0.00430091
1122,0.00386172
1123,0.00412368
1124,0.00380186
1125,0.00410902
1126,0.00364078
1127,0.00366093
1128,0.00354275
1129,0.00338546
1130,0.00342853
1131,0.00432664
1132,0.00376246
1133,0.0040934
1134,0.00349083
1135,0.00354147
1136,0.00455529
1137,0.00450261
1138,0.00396444
1139,0.00374025
1140,0.00423949
1141,0.00395845
1142,0.00462758
1143,0.00385953
1144,0.00421401
1145,0.00441101
1146,0.00432814
1147,0.0040662
1148,0.00379078
1149,0.00432837
1150,0.00370202
1151,0.00368453
1152,0.00428072
1153,0.00424368
1154,0.00401438
1155,0.00471446
1156,0.00440341
1157,0.00467546
1158,0.0050807
1159,0.00462237
1160,0.00416267
1161,0.00418869
1162,0.00378203
1163,0.0041025
1164,0.00479921
1165,0.00433849
1166,0.00385515
1167,0.00447414
1168,0.00492458
1169,0.00463432
1170,0.00481659
1171,0.00415559
1172,0.00409143
1173,0.00451177
1174,0.00394766
1175,0.00474063
1176,0.00414536
1177,0.00425647
1178,0.00421923
1179,0.00471693
1180,0.0046541
1181,0.005171
1182,0.00475488
1183,0.00490486
1184,0.00478964
1185,0.00450502
1186,0.00437988
1187,0.00443974
1188,0.00454873
1189,0.00455314
1190,0.0041451
1191,0.00416565
1192,0.00518536
1193,0.00443222
1194,0.0046193
1195,0.00425847
1196,0.00453188
1197,0.00481467
1198,0.00501001
1199,0.00452794
1200,0.00416244
1201,0.00474361
1202,0.00470993
1203,0.00415056
1204,0.00435419
1205,0.00496617
1206,0.00463886
1207,0.00483106
1208,0.00446402
1209,0.00456611
1210,0.00403852
1211,0.00469762
1212,0.00401571
1213,0.0040079
1214,0.0053732
1215,0.00397041
1216,0.00470307
1217,0.00408669
1218,0.004114
1219,0.00392403
1220,0.00442006
1221,0.00470448
1222,0.00439875
1223,0.00430671
1224,0.00439145
1225,0.00467291
1226,0.00444436
1227,0.00491082
1228,0.00531868
1229,0.00534234
1230,0.00432836
1231,0.00381627
1232,0.00388195
1233,0.0039869
1234,0.00411585
1235,0.00457633
1236,0.00376154
1237,0.0037105
1238,0.00422578
1239,0.0037195
1240,0.0042165
1241,0.00462661
1242,0.0038508
1243,0.00390125
1244,0.00453164
1245,0.00361595
1246,0.0035452
1247,0.00378079
1248,0.0040921
1249,0.00429264
1250,0.00483371
1251,0.00454153
1252,0.00409218
1253,0.0050154
1254,0.00477693
1255,0.00510024
1256,0.00498223
1257,0.00444006
1258,0.00457114
1259,0.00499741
1260,0.00481416
1261,0.00462407
1262,0.00440284
1263,0.00447555
1264,0.00449179
1265,0.00481785
1266,0.00420731
1267,0.00470142
1268,0.00485581
1269,0.00506004
1270,0.00498205
1271,0.00470382
1272,0.00457052
1273,0.00492895
1274,0.0050659
1275,0.00494633
1276,0.00438865
1277,0.00448922
1278,0.00528379
1279,0.00492227
1280,0.00454927
1281,0.0046503
1282,0.00484969
1283,0.00464057
1284,0.00455805
1285,0.00483124
1286,0.00466742
1287,0.0049992
1288,0.00402204
1289,0.00499628
1290,0.00447377
1291,0.00415058
1292,0.00475131
1293,0.00447964
1294,0.00456153
1295,0.00464475
1296,0.00407922
1297,0.00396759
1298,0.00471162
1299,0.00464423
1300,0.00485128
1301,0.00460168
1302,0.00447184
1303,0.00451846
1304,0.00466476
1305,0.00454645
1306,0.00440718
1307,0.0043158
1308,0.00449763
1309,0.00471903
1310,0.00520099
1311,0.00462905
1312,0.00449409
1313,0.0039853
1314,0.00385326
1315,0.00435406
1316,0.004658
1317,0.00501503
1318,0.0046202
1319,0.00399807
1320,0.00469099
1321,0.00451397
1322,0.00457291
1323,0.00522458
1324,0.00470935
1325,0.00474515
1326,0.004343
1327,0.00427178
1328,0.00424894
1329,0.00423808
1330,0.00428992
1331,0.00417804
1332,0.0039472
1333,0.00387381
1334,0.00479054
1335,0.00383846
1336,0.0042407
1337,0.00458506
1338,0.00416762
1339,0.00381742
1340,0.00502649
1341,0.00434521
1342,0.00379348
1343,0.00391049
1344,0.00436836
1345,0.00455147
1346,0.00421037
1347,0.003519
1348,0.0038569
1349,0.00585773
1350,0.00473194
1351,0.00454828
1352,0.00470032
1353,0.00460023
1354,0.00427945
1355,0.00453189
1356,0.00426452
1357,0.00436218
1358,0.00482725
1359,0.00438673
1360,0.00431419
1361,0.00539364
1362,0.00448942
1363,0.00397057
1364,0.00396625
1365,0.00428867
1366,0.00420561
1367,0.00434008
1368,0.00513718
1369,0.00458059
1370,0.0039997
1371,0.00388228
1372,0.00374618
1373,0.00442476
1374,0.00416824
1375,0.00396033
1376,0.00421421
1377,0.00479305
1378,0.00449041
1379,0.00448544
1380,0.00507454
1381,0.00470156
1382,0.00444289
1383,0.00438864
1384,0.00420211
1385,0.00394005
1386,0.0042853
1387,0.00370903
1388,0.00425983
1389,0.00439353
1390,0.00403598
1391,0.00453014
1392,0.00414208
1393,0.0043365
1394,0.00435822
1395,0.00481508
1396,0.00435738
1397,0.00376658
1398,0.00461912
1399,0.00453695
1400,0.00423088
1401,0.00424748
1402,0.00372765
1403,0.00396926
1404,0.00438382
1405,0.00405409
1406,0.00454762
1407,0.00490948
1408,0.00396428
1409,0.00469648
1410,0.00444978
1411,0.00463373
1412,0.00423246
1413,0.00407762
1414,0.00405959
1415,0.00435508
1416,0.00459284
1417,0.00437984
1418,0.00443066
1419,0.00442897
1420,0.00366398
1421,0.00409521
1422,0.00492728
1423,0.0037524
1424,0.00441502
1425,0.00350447
1426,0.00385724
1427,0.00421432
1428,0.0036123
1429,0.0250117
1430,0.0043565
1431,0.00449751
1432,0.00466702
1433,0.0045392
1434,0.00445215
1435,0.00436366
1436,0.0040156
1437,0.00478019
1438,0.00450593
1439,0.00433381
1440,0.00498232
1441,0.0042925
1442,0.00421309
1443,0.00484206
1444,0.00414676
1445,0.00471952
1446,0.00363474
1447,0.00453778
1448,0.00472656
1449,0.0036368
1450,0.00464527
1451,0.0052058
1452,0.00396778
1453,0.00443428
1454,0.00448038
1455,0.00435328
1456,0.00395066
1457,0.00405788
1458,0.00412237
1459,0.00400656
1460,0.00446214
1461,0.00338575
1462,0.00336209
1463,0.00317377
1464,0.00362126
1465,0.00376669
1466,0.00327975
1467,0.00524192
1468,0.00342411
1469,0.00424462
1470,0.00404634
1471,0.00433812
1472,0.00390523
1473,0.00441038
1474,0.00431212
1475,0.00404207
1476,0.00431657
1477,0.00420036
1478,0.00426804
1479,0.00417577
1480,0.00382435
1481,0.00399435
1482,0.0040172
1483,0.00447002
1484,0.0041657
1485,0.00466342
1486,0.00400153
1487,0.00401648
1488,0.00329311
1489,0.00386512
1490,0.00454525
1491,0.00474843
1492,0.0041866
1493,0.00432723
1494,0.00559047
1495,0.00434161
1496,0.00380567
1497,0.00419307
1498,0.00396912
1499,0.00389833
1500,0.0042678
1501,0.00378058
1502,0.00424331
1503,0.00475129
1504,0.00396246
1505,0.00338316
1506,0.00306759
1507,0.00335325
1508,0.00306454
1509,0.00328848
1510,0.00379472
1511,0.00389232
1512,0.0032685
1513,0.00320746
1514,0.00372114
1515,0.00375124
1516,0.00380322
1517,0.00298137
1518,0.00318077
1519,0.0032051
1520,0.00320134
1521,0.00431391
1522,0.00366467
1523,0.0041411
1524,0.00421203
1525,0.00405342
1526,0.00402987
1527,0.00333987
1528,0.00393919
1529,0.00377822
1530,0.00424829
1531,0.00411023
1532,0.00375504
1533,0.00427052
1534,0.00382578
1535,0.00383782
1536,0.00349541
1537,0.00462997
1538,0.00430965
1539,0.00462823
1540,0.00448339
1541,0.00538341
1542,0.00444776
1543,0.00456012
1544,0.00519444
1545,0.0057029
1546,0.00464013
1547,0.0046761
1548,0.00457883
1549,0.00464089
1550,0.00431848
1551,0.00413151
1552,0.00421273
1553,0.00378707
1554,0.00501078
1555,0.00382806
1556,0.00468275
1557,0.0042921
1558,0.00444175
1559,0.0045407
1560,0.00520282
1561,0.00465289
1562,0.00473702
1563,0.0040898
1564,0.00402973
1565,0.00487268
1566,0.00458406
1567,0.00445783
1568,0.0047443
1569,0.00452266
1570,0.00515239
1571,0.00463357
1572,0.00483015
1573,0.00458138
1574,0.00461042
1575,0.00438302
1576,0.00494721
1577,0.00431142
1578,0.00460898
1579,0.004724
1580,0.00440665
1581,0.00477159
1582,0.0053432
1583,0.00405325
1584,0.00426825
1585,0.00452372
1586,0.00463758
1587,0.00447228
1588,0.004839
1589,0.0046057
1590,0.00495004
1591,0.00550513
1592,0.00599084
1593,0.00509596
1594,0.00538437
1595,0.00454779
1596,0.00519085
1597,0.00522674
1598,0.005688
1599,0.00494063
1600,0.00469244
1601,0.0049791
1602,0.00497078
1603,0.00549061
1604,0.00593612
1605,0.00545466
1606,0.00532438
1607,0.00473586
1608,0.0049153
1609,0.00533593
1610,0.0049247
1611,0.00432019
1612,0.00467654
1613,0.0044606
1614,0.00497806
1615,0.00705462
1616,0.00514886
1617,0.00555422
1618,0.00558372
1619,0.00578068
1620,0.0054152
1621,0.00590823
1622,0.00407159
1623,0.00387287
1624,0.00491761
1625,0.00461163
1626,0.00445196
1627,0.00470607
1628,0.00447716
1629,0.00485651
1630,0.00432247
1631,0.00496203
1632,0.00431059
1633,0.00606397
1634,0.00425344
1635,0.0045686
1636,0.00428303
1637,0.00438358
1638,0.0047872
1639,0.00445102
1640,0.00440576
1641,0.00556728
1642,0.00492397
1643,0.00479731
1644,0.00484912
1645,0.00567491
1646,0.00667445
1647,0.00591116
1648,0.00621033
1649,0.00606508
1650,0.00610528
1651,0.00565522
1652,0.00542187
1653,0.00546476
1654,0.00538312
1655,0.00545853
1656,0.00558032
1657,0.00532573
1658,0.00542158
1659,0.0046506
1660,0.00506434
1661,0.00475163
1662,0.00472199
1663,0.0052894
1664,0.00450677
1665,0.0044034
1666,0.00437608
1667,0.00432433
1668,0.00494806
1669,0.00614874
1670,0.00668474
1671,0.00631032
1672,0.00619687
1673,0.00637943
1674,0.00614088
1675,0.00657505
1676,0.00658854
1677,0.00418209
1678,0.00390338
1679,0.00465669
1680,0.00402311
1681,0.00408461
1682,0.00396828
1683,0.00415722
1684,0.00396854
1685,0.00385852
1686,0.00369188
1687,0.00342305
1688,0.0037378
1689,0.00321192
1690,0.00318742
1691,0.00737589
1692,0.00581349
1693,0.00567113
1694,0.00563368
1695,0.0057086
1696,0.00581879
1697,0.00555581
1698,0.00585851
1699,0.00341879
1700,0.00375958
1701,0.00307635
1702,0.00341057
1703,0.00311325
1704,0.0037855
1705,0.00402906
1706,0.00310435
1707,0.00398424
1708,0.00398809
1709,0.00405737
1710,0.00452166
1711,0.0039747
1712,0.00447657
1713,0.0034231
1714,0.00308554
1715,0.00307244
1716,0.00341173
1717,0.00310465
1718,0.00300753
1719,0.007058
1720,0.00601672
1721,0.00572861
1722,0.00557003
1723,0.00549552
1724,0.0054794
1725,0.00530117
1726,0.0049467
1727,0.00585967
1728,0.00316162
1729,0.00312899
1730,0.00372386
1731,0.00344339
1732,0.00326033
1733,0.00387758
1734,0.00342684
1735,0.00304394
1736,0.00289757
1737,0.00291813
1738,0.00310563
1739,0.00378158
1740,0.00343283
1741,0.00313115
1742,0.00315909
1743,0.00387253
1744,0.00360287
1745,0.00372717
1746,0.00305265
1747,0.00286342
1748,0.00312346
1749,0.00376447
1750,0.00415967
1751,0.00407433
1752,0.00399514
1753,0.00394557
1754,0.0040225
1755,0.00414724
1756,0.00392046
1757,0.00423096
1758,0.00425215
1759,0.00321056
1760,0.00314366
1761,0.00401674
1762,0.00279189
1763,0.00301176
1764,0.0027839
1765,0.00344147
1766,0.00290201
1767,0.00302068
1768,0.00372301
1769,0.00296886
1770,0.0029673
1771,0.00342348
1772,0.00297346
1773,0.00294244
1774,0.00363344
1775,0.00261389
1776,0.0030592
1777,0.00314392
1778,0.00300813
1779,0.00374041
1780,0.00378006
1781,0.00401517
1782,0.00390507
1783,0.00369886
1784,0.00312097
1785,0.00321985
1786,0.00384177
1787,0.0037185
1788,0.00367381
1789,0.00382361
1790,0.00376428
1791,0.00372785
1792,0.00390829
1793,0.00365659
1794,0.00362405
1795,0.0030743
1796,0.00318436
1797,0.00294099
1798,0.00318921
1799,0.00325036
1800,0.00301549
1801,0.00396125
1802,0.0031176
1803,0.00302881
1804,0.00327219
1805,0.0030954
1806,0.00405308
1807,0.00393988
1808,0.00291359
1809,0.0029535
1810,0.00298847
1811,0.00373015
1812,0.00397316
1813,0.00324507
1814,0.00372411
1815,0.00368137
1816,0.00319907
1817,0.00348594
1818,0.00392262
1819,0.0041258
1820,0.00356734
1821,0.00523812
1822,0.00445955
1823,0.00397529
1824,0.00392749
1825,0.00394272
1826,0.00361077
1827,0.0037512
1828,0.00426553
1829,0.00353975
1830,0.00329248
1831,0.00378869
1832,0.00424781
1833,0.00318077
1834,0.00384017
1835,0.00436924
1836,0.00397363
1837,0.00379073
1838,0.00343073
1839,0.00401479
1840,0.00426737
1841,0.00503536
1842,0.00425004
1843,0.00351826
1844,0.00378303
1845,0.0034552
1846,0.00382771
1847,0.00349069
1848,0.00384997
1849,0.00387681
1850,0.00374842
1851,0.00376767
1852,0.00384574
1853,0.00383137
1854,0.00409186
1855,0.00418079
1856,0.00391206
1857,0.00376145
1858,0.00252426
1859,0.00299176
1860,0.00312512
1861,0.00286623
1862,0.00289415
1863,0.00253782
1864,0.00300132
1865,0.00339347
1866,0.00299722
1867,0.00333065
1868,0.00257159
1869,0.00256399
1870,0.0025726
1871,0.00264384
1872,0.00246952
1873,0.00246541
1874,0.00246139
1875,0.00247992
1876,0.0025009
1877,0.00261582
1878,0.00246777
1879,0.00267982
1880,0.00249372
1881,0.00249049
1882,0.00248582
1883,0.00268829
1884,0.00249412
1885,0.00248873
1886,0.00247698
1887,0.00248565
1888,0.0024955
1889,0.00249831
1890,0.0024965
1891,0.00247734
1892,0.00250064
1893,0.00247438
1894,0.00248227
1895,0.00250526
1896,0.00249485
1897,0.00247129
1898,0.00249704
1899,0.00246858
1900,0.00247195
1901,0.00248642
1902,0.00249049
1903,0.00251087
1904,0.00249584
1905,0.00337649
1906,0.00253383
1907,0.00252852
1908,0.00251254
1909,0.00251605
1910,0.00266994
1911,0.00262435
1912,0.00266139
1913,0.00248472
1914,0.00247448
1915,0.00251633
1916,0.00245712
1917,0.00266253
1918,0.00246662
1919,0.00245335
1920,0.00247491
1921,0.00245546
1922,0.00243562
1923,0.00242934
1924,0.00268716
1925,0.00245817
1926,0.00244015
1927,0.00242063
1928,0.00242525
1929,0.00278843
1930,0.00310112
1931,0.00238749
1932,0.00239623
1933,0.00237457
1934,0.00240877
1935,0.00248837
1936,0.00244549
1937,0.00242975
1938,0.00243784
1939,0.00246021
1940,0.00245591
1941,0.00238423
1942,0.00237883
1943,0.00234287
1944,0.00237869
1945,0.00234765
1946,0.00235467
1947,0.00232534
1948,0.00233071
1949,0.00230189
1950,0.00229524
1951,0.00228297
1952,0.00227041
1953,0.0022835
1954,0.00227539
1955,0.00230458
1956,0.00226096
1957,0.00245335
1958,0.00227126
1959,0.00228355
1960,0.0022732
1961,0.0022726
1962,0.00226637
1963,0.00227548
1964,0.00226933
1965,0.00226506
1966,0.00225798
1967,0.00226384
1968,0.00226749
1969,0.00228359
1970,0.00225717
1971,0.00227201
1972,0.00228549
1973,0.00227827
1974,0.002523
1975,0.00226792
1976,0.00226797
1977,0.00228342
1978,0.00226818
1979,0.00228746
1980,0.00227643
1981,0.00243654
1982,0.00227777
1983,0.00227306
1984,0.0022672
1985,0.00227301
1986,0.00228975
1987,0.00226688
1988,0.00225971
1989,0.00227249
1990,0.00229727
1991,0.00227434
1992,0.00227894
1993,0.00226822
1994,0.00228318
1995,0.0022752
1996,0.00228178
1997,0.00226844
1998,0.00227523
1999,0.00227176
2000,0.00226232
2001,0.00227083
2002,0.00224432
2003,0.00225077
2004,0.00223462
2005,0.00224346
2006,0.00223614
2007,0.00224209
2008,0.00222808
2009,0.00220786
2010,0.00220452
2011,0.00248019
2012,0.00214485
2013,0.0029331
2014,0.00214072
2015,0.00248365
2016,0.00225375
2017,0.00227405
2018,0.00223958
2019,0.00224763
2020,0.00223262
2021,0.00244997
2022,0.00221168
2023,0.00221264
2024,0.00222059
2025,0.00250829
2026,0.00221935
2027,0.00242997
2028,0.00225022
2029,0.0022449
2030,0.00354278
2031,0.00222211
2032,0.00227154
2033,0.00223394
2034,0.00224205
2035,0.00223668
2036,0.00228241
2037,0.00242059
2038,0.00221806
2039,0.00221313
2040,0.00221136
2041,0.00295234
2042,0.0022605
2043,0.00223755
2044,0.00259153
2045,0.0022581
2046,0.00224558
2047,0.00224274
2048,0.00225291
2049,0.00224267
2050,0.00224768
2051,0.00226277
2052,0.00224856
2053,0.00226884
2054,0.00224463
2055,0.00225382
2056,0.00223479
2057,0.00225587
2058,0.00225593
2059,0.00224827
2060,0.00223206
2061,0.00224671
2062,0.00223474
2063,0.00225146
2064,0.00280648
2065,0.002361
2066,0.00235823
2067,0.0032983
2068,0.00310862
2069,0.00251886
2070,0.00264137
2071,0.00253434
2072,0.00266258
2073,0.00237726
2074,0.00237067
2075,0.00276522
2076,0.00318144
2077,0.00344218
2078,0.00250597
2079,0.00261182
2080,0.00235662
2081,0.00331317
2082,0.00324206
2083,0.00290189
2084,0.00308844
2085,0.00329287
2086,0.0032463
2087,0.00326891
2088,0.00333441
2089,0.00326863
2090,0.0033705
2091,0.0027334
2092,0.00369332
2093,0.0027944
2094,0.00348329
2095,0.00288541
2096,0.00230612
2097,0.00292276
2098,0.00242797
2099,0.00242667
2100,0.00243702
2101,0.00244321
2102,0.00245422
2103,0.00245456
2104,0.00243592
2105,0.00251376
2106,0.00226341
2107,0.00223836
2108,0.00224935
2109,0.0022386
2110,0.00307554
2111,0.00354333
2112,0.00311901
2113,0.00285452
2114,0.00349486
2115,0.00344998
2116,0.00288143
2117,0.00261337
2118,0.00286985
2119,0.0029669
2120,0.00323724
2121,0.00279447
2122,0.00248749
2123,0.00305885
2124,0.00263162
2125,0.00239881
2126,0.00241514
2127,0.00241401
2128,0.0023984
2129,0.00240044
2130,0.00239681
2131,0.00239674
2132,0.00261958
2133,0.00294282
2134,0.00256498
2135,0.00250351
2136,0.00233955
2137,0.00256328
2138,0.00233089
2139,0.00235359
2140,0.00233255
2141,0.00231016
2142,0.00231003
2143,0.00236617
2144,0.00232357
2145,0.00238787
2146,0.00244812
2147,0.00235297
2148,0.0023909
2149,0.00237905
2150,0.00241628
2151,0.00241104
2152,0.00237496
2153,0.00263238
2154,0.00242029
2155,0.00258554
2156,0.00316118
2157,0.00266038
2158,0.00247807
2159,0.00247639
2160,0.00248054
2161,0.00271288
2162,0.00249745
2163,0.00250689
2164,0.00250444
2165,0.00256421
2166,0.00252494
2167,0.00253262
2168,0.00254283
2169,0.00267489
2170,0.00266353
2171,0.00272129
2172,0.00253721
2173,0.0025507
2174,0.00254623
2175,0.00254741
2176,0.00253465
2177,0.00258873
2178,0.00278381
2179,0.00278802
2180,0.00259692
2181,0.00280855
2182,0.00260408
2183,0.00264786
2184,0.00259665
2185,0.00260159
2186,0.00262469
2187,0.00264214
2188,0.00264797
2189,0.00264535
2190,0.00266384
2191,0.00266897
2192,0.00280838
2193,0.00263437
2194,0.00265083
2195,0.00265665
2196,0.00293465
2197,0.00292553
2198,0.00269019
2199,0.00287507
2200,0.00270973
2201,0.00270651
2202,0.00272158
2203,0.00271652
2204,0.00269832
2205,0.00293645
2206,0.00273138
2207,0.00276075
2208,0.00274161
2209,0.00269907
2210,0.00271933
2211,0.0027325
2212,0.00275064
2213,0.00275763
2214,0.00294943
2215,0.00386118
2216,0.0045473
2217,0.00435322
2218,0.00373818
2219,0.00427775
2220,0.00459267
2221,0.00402137
2222,0.0045772
2223,0.00484876
2224,0.00477758
2225,0.00434602
2226,0.00408825
2227,0.00413187
2228,0.0034778
2229,0.00357349
2230,0.00387279
2231,0.00390757
2232,0.00378404
2233,0.00332022
2234,0.00300066
2235,0.00357362
2236,0.00296861
2237,0.00294337
2238,0.00368859
2239,0.00304978
2240,0.00317311
2241,0.00302804
2242,0.00357244
2243,0.00308015
2244,0.00308326
2245,0.00394489
2246,0.00303496
2247,0.00319976
2248,0.00421378
2249,0.00473197
2250,0.00414272
2251,0.0040812
2252,0.00456865
2253,0.00442868
2254,0.00457751
2255,0.00474285
2256,0.00419255
2257,0.00501574
2258,0.00442413
2259,0.00479165
2260,0.00443071
2261,0.00454131
2262,0.00460685
2263,0.0036627
2264,0.00336685
2265,0.00341463
2266,0.0033158
2267,0.00325267
2268,0.00324261
2269,0.0036938
2270,0.00306718
2271,0.00311325
2272,0.00307346
2273,0.00309872
2274,0.00320329
2275,0.00345072
2276,0.0040193
2277,0.00426271
2278,0.00405193
2279,0.00441208
2280,0.00435168
2281,0.00427458
2282,0.00524642
2283,0.00663557
2284,0.00601095
2285,0.025331
2286,0.00458841
2287,0.00367924
2288,0.00375705
2289,0.00428473
2290,0.00463686
2291,0.00395061
2292,0.00485311
2293,0.00444974
2294,0.00467873
2295,0.00478614
2296,0.00437787
2297,0.00438379
2298,0.00385131
2299,0.00365923
2300,0.00438162
2301,0.00696791
2302,0.0067973
2303,0.00682342
2304,0.00707942
2305,0.00711877
2306,0.00704162
2307,0.00711551
2308,0.00361663
2309,0.00354796
2310,0.00362195
2311,0.00364871
2312,0.00356788
2313,0.00486663
2314,0.00430829
2315,0.00354665
2316,0.00440716
2317,0.00379615
2318,0.00367027
2319,0.00401886
2320,0.00470279
2321,0.00392104
2322,0.00431748
2323,0.00454837
2324,0.00447067
2325,0.00463203
2326,0.00500636
2327,0.00458904
2328,0.00513604
2329,0.0056839
2330,0.00619653
2331,0.00576892
2332,0.00553795
2333,0.00562101
2334,0.00498021
2335,0.00557764
2336,0.00625365
2337,0.00514047
2338,0.00505289
2339,0.00533638
2340,0.00562398
2341,0.0054041
2342,0.0052715
2343,0.00535785
2344,0.00492837
2345,0.00557998
2346,0.00511391
2347,0.00586624
2348,0.00625467
2349,0.00623609
2350,0.00599981
2351,0.00636819
2352,0.00573588
2353,0.00736764
2354,0.00753443
2355,0.00725793
2356,0.00768593
2357,0.00652122
2358,0.00718837
2359,0.00707006
2360,0.00704367
2361,0.00804634
2362,0.00806997
2363,0.00706977
2364,0.00755688
2365,0.00768785
2366,0.00779875
2367,0.00723777
2368,0.00688706
2369,0.00715622
2370,0.00694652
2371,0.00693188
2372,0.00702376
2373,0.00681443
2374,0.0072374
2375,0.00695554
2376,0.00663516
2377,0.00696808
2378,0.00620329
2379,0.00608536
2380,0.00648384
2381,0.00692501
2382,0.00561351
2383,0.00639066
2384,0.00569263
2385,0.00554107
2386,0.00953977
2387,0.00829912
2388,0.00783715
2389,0.00673493
2390,0.00598468
2391,0.00570499
2392,0.00588857
2393,0.00591338
2394,0.00562381
2395,0.00602278
2396,0.00508027
2397,0.00571151
2398,0.00553116
2399,0.00614624
2400,0.00496895
2401,0.00499873
2402,0.00546397
2403,0.00516064
2404,0.00591326
2405,0.00532117
2406,0.00514196
2407,0.00536989
2408,0.0064171
2409,0.00646181
2410,0.00620733
2411,0.00844781
2412,0.00679013
2413,0.00692214
2414,0.00674318
2415,0.0063311
2416,0.00659484
2417,0.00677733
2418,0.00632127
2419,0.00635011
2420,0.00677196
2421,0.00604288
2422,0.00678446
2423,0.00721439
2424,0.00742028
2425,0.00673127
2426,0.00655852
2427,0.00695438
2428,0.00697684
2429,0.00719257
2430,0.00695407
2431,0.00645371
2432,0.00591727
2433,0.00579587
2434,0.00706922
2435,0.00665338
2436,0.00681693
2437,0.00660233
2438,0.00661477
2439,0.00685299
2440,0.00626987
2441,0.00619656
2442,0.00654162
2443,0.00554092
2444,0.00538498
2445,0.00514356
2446,0.00490289
2447,0.00520465
2448,0.00522691
2449,0.0053253
2450,0.00492475
2451,0.00542876
2452,0.00506944
2453,0.00607101
2454,0.00600021
2455,0.00563965
2456,0.00533738
2457,0.00612038
2458,0.00585135
2459,0.0054313
2460,0.00566366
2461,0.0051126
2462,0.00479659
2463,0.00473539
2464,0.00532632
2465,0.00572109
2466,0.00430099
2467,0.0046781
2468,0.00396655
2469,0.00403148
2470,0.00382317
2471,0.00468089
2472,0.00748923
2473,0.00769662
2474,0.00767914
2475,0.00775847
2476,0.00836491
2477,0.00758615
2478,0.00656576
2479,0.00369582
2480,0.00362234
2481,0.0035042
2482,0.00355997
2483,0.00375963
2484,0.0035473
2485,0.00378489
2486,0.00378598
2487,0.0039136
2488,0.00424621
2489,0.00402606
2490,0.00416075
2491,0.00460974
2492,0.00502599
2493,0.00484567
2494,0.00416348
2495,0.00405865
2496,0.00462202
2497,0.00400206
2498,0.0036565
2499,0.00439045
2500,0.00400235
2501,0.00413292
2502,0.00399976
2503,0.00400344
2504,0.00451541
2505,0.00408568
2506,0.00473309
2507,0.00425591
2508,0.00553919
2509,0.00529758
2510,0.00621107
2511,0.00511477
2512,0.00513486
2513,0.0051441
2514,0.00523922
2515,0.00492299
2516,0.00566282
2517,0.0057237
2518,0.00428229
2519,0.00542115
2520,0.00442413
2521,0.00454981
2522,0.00451011
2523,0.00399309
2524,0.00455284
2525,0.00506947
2526,0.00449548
2527,0.00446126
2528,0.00431877
2529,0.00396563
2530,0.00413492
2531,0.00466128
2532,0.00389591
2533,0.00378186
2534,0.00654746
2535,0.00556337
2536,0.00541382
2537,0.00537004
2538,0.00456428
2539,0.00530822
2540,0.00528591
2541,0.00617814
2542,0.00592199
2543,0.00643563
2544,0.00624209
2545,0.00634231
2546,0.00592862
2547,0.00716587
2548,0.00578279
2549,0.00582937
2550,0.00589879
2551,0.00581535
2552,0.00537863
2553,0.00776637
2554,0.00730725
2555,0.00705541
2556,0.00641246
2557,0.00654839
2558,0.00684439
2559,0.00616582
2560,0.00653543
2561,0.00655758
2562,0.00449338
2563,0.00529474
2564,0.00427866
2565,0.00531141
2566,0.00507495
2567,0.00513727
2568,0.0044141
2569,0.00495649
2570,0.00429815
2571,0.00435458
2572,0.00383844
2573,0.00508694
2574,0.00426197
2575,0.0049517
2576,0.00505279
2577,0.00466771
2578,0.00408847
2579,0.00431634
2580,0.00513698
2581,0.00455174
2582,0.0040642
2583,0.00631816
